titular,categoria
Muere Manuel López, expresidente de la Conferencia de Rectores,sociedad
Sorteo de la ONCE del Día del Padre 2018,sociedad
Padres de víctimas piden que no se derogue la prisión permanente revisable,sociedad
Las fuerzas turcas conquistan la ciudad kurdo-siria de Afrin,sociedad
Zoido insiste a Alemania en la importancia de controlar todas las rutas migratorias hacia Europa,sociedad
Así es el lugar sagrado en Madrid en el que bailas descalzo y sobrio,sociedad
De manteros a profesores por un día,sociedad
El constitucionalismo se manifiesta unido y pide un Govern con ‘seny’,sociedad
El temporal continúa: 41 provincias estarán este lunes en riesgo por viento, nieve y fuerte oleaje,sociedad
Encuentran con vida a los dos senderistas desaparecidos en la sierra de Cádiz,sociedad
Los Mossos rescatan a una adolescente que se colgó de un octavo piso para hacerse fotos,sociedad
La sequía sobrevive a estas lluvias,sociedad
Ayahuasca, el alucinógeno de moda que se extiende por España,sociedad
Al menos nueve carreteras cortadas por la nieve,sociedad
El furor por los huertos urbanos divide a los científicos,sociedad
El Supremo admite que se prohíba entrar al metro a los condenados por hurto,sociedad
El ministro de Sanidad sudafricano teme que se disparen los casos de listeriosis,sociedad
La emoción de un abuelito que vuelve a oír después de 38 años,sociedad
El hogar es el escenario del 70% de las agresiones a niños,sociedad
Una paciente agrede a una doctora en Mallorca con el teclado del ordenador de la consulta,sociedad
El tabaco americano ya no será tan adictivo,sociedad
Tres menores intoxicados en un colegio por el hachís que contenía un huevo de chocolate,sociedad
El frío siberiano se instala en España el próximo lunes: hará 12 grados menos de lo normal para estas fechas,sociedad
Investigadores encuentran microplásticos en el 90% del agua embotellada,sociedad
Aumentan por tercer año consecutivo las agresiones a los médicos,sociedad
El Consell de Mallorca valorará más la ortografía catalana que la balear a la hora de subvencionar libros o discos en catalán,sociedad
La compra de mascotas desciende un 10% en una década,sociedad
Juana Rivas viaja a Italia para reencontrarse con sus hijos y acudir a la vista sobre su custodia,sociedad
Un ex ministro francés acosa sexualmente a la hija de un político,sociedad
Las denuncias por violencia de género aumentaron un 18%,sociedad
Fallece una anciana de 88 años tras un incendio en una residencia geriátrica en Cartagena,sociedad
Prisión provisional sin fianza para el hombre que presuntamente acabó con la vida de su mujer en Azuqueca,sociedad
Una madre y su hija, heridas en un accidente durante una prueba de rally en Campanet,sociedad
Un conductor entra en Melilla en un 'coche kamikaze' con dos inmigrantes ocultos, huye y abandona el vehículo,sociedad
Investigan al padre de un niño de 12 años por dejarle conducir su taxi,sociedad
Hallan muerta una mujer de 24 años en Tenerife y detienen a su pareja,sociedad
En libertad la mujer de 74 años detenida por uno de los incendios de Galicia,sociedad
Marruecos impide que 50 migrantes subsaharianos entren en Ceuta,sociedad
La UE donará a las víctimas de los incendios de España y Portugal la cuantía del premio Princesa Asturias,sociedad
Un diplomático saudí pierde la inmunidad por maltratos al servicio doméstico,sociedad
Un juez luso justifica la violencia de género cuando la mujer es infiel,sociedad
Muere un inmigrante tras ser abandonado por el patrón de la patera en la que iba a Melilla,sociedad
Un hombre mata presuntamente a su mujer en Almería y se suicida,sociedad
España y Portugal se coordinarán para activar un fondo anti incendios,sociedad
El director de seguridad de Renfe, investigado por el caso del Alvia,sociedad
Investigan la muerte violenta de una mujer en Santa Cruz de Tenerife,sociedad
Unas 40.000 personas se manifiestan en Madrid contra la ‘ley mordaza’,sociedad
La batalla contra la epidemia de opiáceos en EEUU lleva a las farmacéuticas ante el juez,sociedad
Un niño se queda atrapado en una lavadora al intentar cumplir un reto viral,sociedad
El Barcelona vuela hacia el título,deporte
El Atlético se pierde en Villarreal y Ünal sentencia la Liga,deporte
Polémica derrota de España en Bélgica; deberá buscar el Mundial en la repesca,deporte
Tangana tras caer en Bélgica: los jugadores acosan al árbitro,deporte
Atracan a Óscar Sevilla en Bogotá y le causan varias fracturas en el brazo,deporte
Una monja de 98 años, clave de Loyola-Chicago, la revelación de la NCAA,deporte
Icardi le hace 4 goles a la Sampdoria y supera los 100 en la Serie A,deporte
Federer sufre, pero jugará la final de Indian Wells frente a Del Potro,deporte
Ligera mejoría de Lendoiro tras su grave operación cardiaca,deporte
El Madrid apabulla en Zaragoza,deporte
El Sevilla acusa la Champions en Butarque,deporte
El Espanyol se marcha al limbo,deporte
El Getafe provoca otro cisma en Anoeta,deporte
Irlanda cierra su Grand Slam en Twickenham el día de San Patricio,deporte
La sorpresa más inverosímil en la historia reciente de la NCAA,deporte
Marc Márquez, el 'dictador' más amable de la historia,deporte
Hasta los Warriors sufren maldiciones: Durant se rompe una costilla,deporte
En libertad con cargos los radicales del Olympique de Marsella que agredieron a los vigilantes en San Mamés,deporte
Coquelin se rompe el tendón de Aquiles en el entrenamiento del Valencia,deporte
El Atlético toma Moscú pero se lleva un disgusto,deporte
Alonso consideró abandonar la Fórmula 1 el año pasado,deporte
McLaren, el equipo que más ha mejorado de un año a otro,deporte
McLaren no despeja las dudas,deporte
La desastrosa parada en boxes del McLaren en Montmeló,deporte
Récord de Montmeló para Vettel,deporte
El Real Oviedo encuentra el gol en la cantera y remonta ante el Granada,deporte
Un empate sin goles aleja al Celta y Málaga de sus objetivos,deporte
El Manchester United se lame las heridas en la FA Cup,deporte
El Betis golea al Español y pone rumbo a Europa,deporte
Los jugadores del Sevilla se acordaron del Betis en la celebración,deporte
Mourinho aumenta su listado de excusas,deporte
Unos vándalos destrozan las instalaciones de un equipo de niñas,deporte
Morata responde a los cánticos del Camp Nou con un desagradable tocamiento,deporte
Un juez argentino investiga a Messi por las revelaciones de ABC,deporte
El emocionante homenaje del Almería a Gabriel Cruz,deporte
La Juventus aumenta su ventaja en el liderato,deporte
El nefasto comentario de Scholes que le perseguirá hasta final de temporada,deporte
El juez deja en libertad con cargos a los tres hinchas que hirieron a dos guardias en San Mamés,deporte
Satisfacción en el Barcelona con el emparejamiento con la Roma,deporte
Marcos Alonso, novedad en una convocatoria sin Morata,deporte
Cuando el enemigo es uno mismo,deporte
El Mapfre, a por su tercera victoria de etapa en la Volvo,deporte
El Wanda vive una fiesta con el fútbol femenino,deporte
Los Spurs y Pau Gasol recuperan la velocidad de crucero ante Minnesota,deporte
El Valencia atropella al Alavés,deporte
Archivada la querella contra el Open de Tenis de dos ediles de Carmena y una ONG vinculada a Colau,deporte
Djokovic sigue sin encontrarse,deporte
El pleito de divorcio de Arantxa Sánchez Vicario se traslada a Cataluña,deporte
Rafa Nadal apura hacia la tierra batida,deporte
Santacana, el hombre que dinamitó la vida de Arantxa,deporte
“Estamos volviendo a una Rusia grande”,politica
Cuatro años de austeridad,politica
Sectores independentistas buscan una confluencia para echar a Colau,politica
El bloqueo de la investidura agrieta el bloque independentista,politica
Carmena deja en manos del PSOE quitar el nombre del Rey a un parque,politica
El Congreso acelera el estudio de las noticias falsas,politica
Cómo se hace un comunista en China,politica
Veinte denuncias por destrozos en coches en Lavapiés durante los disturbios tras la muerte de un senegalés,politica
El opositor Navalni denuncia fraude en las elecciones,politica
Putin vence con más del 70% de los votos en unas elecciones a su medida,politica
Meade se compromete a eliminar el fuero “en todos los niveles”,politica
Trump, acosado por la investigación, lanza su mayor ataque contra el fiscal de la trama rusa,politica
El baile infantil que ha hecho dimitir al alcalde reformista de Teherán,politica
Otro conflicto sobre crecimiento y distribución,politica
La riqueza de Trump se rebaja en 400 millones de dólares desde que es presidente,politica
Decenas de miles de jubilados desafían al frío y la lluvia en toda España para reclamar mejores pensiones,politica
Rajoy acusa a los Ayuntamientos del cambio de tener una agenda “sectaria”,politica
Societat Civil Catalana suspende su acto de Madrid por el mal tiempo,politica
Muere un segundo senegalés en Lavapiés tras sufrir un ictus,politica
El PP de Cantabria se parte en dos por las denuncias de fraude en el congreso autonómico,politica
Un país más rico, pero menos democrático: datos básicos para entender Rusia,politica
El PP de Ávila condena las pintadas realizadas en su sede con mensajes referidos a Carrero Blanco,politica
Trump amenaza con cobrar una tasa a los coches de la Unión Europea,politica
Así es la broma que le costó un susto a Joaquín Reyes al disfrazarse de Puigdemont,politica
Ana Pastor subraya su compromiso con los valores constitucionales en la cuna del parlamentarismo,politica
Esquerra Unida, todavía sin coordinadora: la militancia se divide entre Rosa Pérez y Rosa Albert,politica
Los afiliados de Esquerra Unida eligen entre Rosa Pérez, Óscar Navarro y Rosa Albert,politica
La jueza admite a trámite la querella contra Sabanés y el gerente de la EMT por la compra de Bicimad,politica
El nuevo líder conservador portugués cierra la puerta a un «bloque central» con los socialistas,politica
Giuseppe Grezzi será el nuevo coportavoz de Compromís tras la dimisión de Julià Álvaro,politica
El PSOE, ahora contra el presidente de los colegios de médicos,politica
Isabel Bonig sella la paz con la patronal valenciana tras meses de desencuentros,politica
Mañueco pide sacar de la memoria histórica la «confrontación partidaria»,politica
Podemos cree que a Sáez sólo le queda «miccionar sobre la ciudadanía y decirles que les llueve encima»,politica
En Marea estudia cómo dar soporte a las candidaturas locales,politica
Santi Vila se va al sector privado pero no descarta postularse como alcaldable de Barcelona,politica
Rivera pide comparecencia de Fomento, Interior y director de DGT,politica
El fiscal ordena reducir las causas por enaltecimiento,politica
Los barones del PSOE confían en recuperar pronto la unidad,politica
El Gobierno aprobará los Presupuestos el 27 de marzo en un Consejo de Ministros extraordinario,politica
Hallan a 31 inmigrantes viviendo hacinados en un barracón abandonado en Ceuta,politica
Los jueces podrán impedir a los carteristas del Metro el acceso a toda la red del suburbano,politica
Susana Díaz da un portazo a Pedro Sánchez y no asistirá a la Escuela de Buen Gobierno del PSOE,politica
IU responde a Podemos con otra consulta para blindar sus siglas,politica
Las víctimas cargan contra el PSOE por "insultarles" en el Pleno de prisión permanente,politica
El PSOE no frenará la derogación de la prisión permanente,politica
Zapatero apela a la "máxima cohesión" del PSOE en un foro marcado por las ausencias,politica
El Congreso mantiene abierta la vía para derogar la prisión permanente revisable,politica
España, entre los países menos condenados por el Tribunal de Estrasburgo en toda su historia,politica
Rajoy promete subir las pensiones mínimas y de viudedad si hay nuevos Presupuestos,politica
